,Distributor,Year,Movie Count,Share,Gross,Tickets,Inflated Gross
0,Walt-Disney,1995,38,19.04%,"$1,012,034,105","232,651,499","$2,119,455,156"
1,Walt-Disney,1996,37,20.76%,"$1,197,737,813","270,981,385","$2,468,640,417"
2,Walt-Disney,1997,33,13.93%,"$885,889,269","193,004,183","$1,758,268,107"
3,Walt-Disney,1998,28,16.38%,"$1,109,009,676","236,462,602","$2,154,174,304"
4,Walt-Disney,1999,30,16.95%,"$1,244,033,523","244,888,472","$2,230,933,980"
5,Walt-Disney,2000,28,14.75%,"$1,111,156,845","206,151,531","$1,878,040,447"
6,Walt-Disney,2001,19,10.79%,"$901,680,342","159,307,472","$1,451,291,070"
7,Walt-Disney,2002,28,12.84%,"$1,175,098,032","202,254,380","$1,842,537,402"
8,Walt-Disney,2003,31,16.56%,"$1,522,300,661","252,454,491","$2,299,860,413"
9,Walt-Disney,2004,26,12.46%,"$1,157,150,529","186,336,626","$1,697,526,663"
10,Walt-Disney,2005,23,10.44%,"$919,318,827","143,419,463","$1,306,551,308"
11,Walt-Disney,2006,25,16.20%,"$1,483,993,492","226,563,880","$2,063,996,947"
12,Walt-Disney,2007,21,14.41%,"$1,407,749,495","204,614,741","$1,864,040,291"
13,Walt-Disney,2008,19,10.26%,"$1,000,079,574","139,286,843","$1,268,903,140"
14,Walt-Disney,2009,23,11.33%,"$1,205,647,954","160,753,063","$1,464,460,404"
15,Walt-Disney,2010,17,13.98%,"$1,465,778,171","185,776,694","$1,692,425,682"
16,Walt-Disney,2011,18,12.04%,"$1,225,139,953","154,494,310","$1,407,443,164"
17,Walt-Disney,2012,18,14.25%,"$1,566,749,202","196,827,779","$1,793,101,067"
18,Walt-Disney,2013,17,15.97%,"$1,739,045,292","213,904,700","$1,948,671,817"
19,Walt-Disney,2014,18,15.59%,"$1,602,064,779","196,091,151","$1,786,390,386"
20,Walt-Disney,2015,15,20.98%,"$2,340,675,473","277,660,192","$2,529,484,349"
21,Walt-Disney,2016,17,26.07%,"$2,934,895,822","339,294,307","$3,090,971,137"
22,Walt-Disney,2017,12,21.74%,"$2,389,889,940","266,431,425","$2,427,190,282"
23,Walt-Disney,2018,13,26.24%,"$3,135,010,376","344,128,465","$3,135,010,316"
24,Walt-Disney,2019,13,33.15%,"$3,742,497,656","410,812,035","$3,742,497,639"
25,Walt-Disney,2020,4,13.12%,"$213,620,366","23,448,996","$213,620,354"
26,Warner-Bros,1995,31,16.31%,"$866,884,482","199,283,775","$1,815,475,190"
27,Warner-Bros,1996,29,15.77%,"$909,761,563","205,828,394","$1,875,096,669"
28,Warner-Bros,1997,30,10.55%,"$670,912,791","146,168,351","$1,331,593,678"
29,Warner-Bros,1998,31,11.20%,"$758,468,077","161,720,256","$1,473,271,532"
30,Warner-Bros,1999,25,14.21%,"$1,042,641,425","205,244,361","$1,869,776,129"
31,Warner-Bros,2000,28,11.80%,"$888,590,005","164,858,983","$1,501,865,335"
32,Warner-Bros,2001,31,14.75%,"$1,232,663,479","217,785,054","$1,984,021,842"
33,Warner-Bros,2002,30,11.60%,"$1,061,821,381","182,757,538","$1,664,921,171"
34,Warner-Bros,2003,23,12.64%,"$1,162,084,535","192,717,157","$1,755,653,300"
35,Warner-Bros,2004,32,13.34%,"$1,238,978,203","199,513,385","$1,817,566,937"
36,Warner-Bros,2005,25,15.62%,"$1,375,205,687","214,540,658","$1,954,465,394"
37,Warner-Bros,2006,27,11.63%,"$1,065,174,412","162,622,032","$1,481,486,712"
38,Warner-Bros,2007,34,14.68%,"$1,434,019,362","208,433,035","$1,898,824,949"
39,Warner-Bros,2008,32,18.32%,"$1,786,092,154","248,759,353","$2,266,197,706"
40,Warner-Bros,2009,36,20.03%,"$2,130,619,667","284,082,623","$2,587,992,696"
41,Warner-Bros,2010,35,17.97%,"$1,883,594,258","238,731,847","$2,174,847,126"
42,Warner-Bros,2011,34,17.98%,"$1,829,445,272","230,699,278","$2,101,670,423"
43,Warner-Bros,2012,29,15.28%,"$1,679,495,537","210,991,887","$1,922,136,091"
44,Warner-Bros,2013,27,17.07%,"$1,858,548,892","228,603,786","$2,082,580,490"
45,Warner-Bros,2014,31,15.21%,"$1,562,804,680","191,285,747","$1,742,613,155"
46,Warner-Bros,2015,39,14.06%,"$1,568,122,153","186,016,847","$1,694,613,476"
47,Warner-Bros,2016,36,16.95%,"$1,908,460,137","220,631,229","$2,009,950,496"
48,Warner-Bros,2017,31,18.51%,"$2,034,888,634","226,854,920","$2,066,648,321"
49,Warner-Bros,2018,46,16.18%,"$1,932,451,694","212,124,225","$1,932,451,690"
50,Warner-Bros,2019,43,13.91%,"$1,570,520,862","172,395,261","$1,570,520,828"
51,Warner-Bros,2020,7,8.59%,"$139,906,115","15,357,419","$139,906,087"
52,Sony-Pictures,1995,31,12.84%,"$682,169,140","156,820,477","$1,428,634,545"
53,Sony-Pictures,1996,39,10.63%,"$613,455,899","138,790,908","$1,264,385,172"
54,Sony-Pictures,1997,36,19.96%,"$1,269,256,493","276,526,450","$2,519,155,960"
55,Sony-Pictures,1998,37,10.11%,"$684,267,457","145,899,229","$1,329,141,976"
56,Sony-Pictures,1999,37,8.70%,"$638,293,197","125,648,250","$1,144,655,558"
57,Sony-Pictures,2000,31,9.06%,"$682,786,474","126,676,511","$1,154,023,015"
58,Sony-Pictures,2001,28,8.75%,"$731,442,580","129,230,121","$1,177,286,402"
59,Sony-Pictures,2002,32,16.97%,"$1,554,048,733","267,478,253","$2,436,726,885"
60,Sony-Pictures,2003,33,13.22%,"$1,214,967,851","201,487,191","$1,835,548,310"
61,Sony-Pictures,2004,34,14.26%,"$1,324,445,435","213,276,222","$1,942,946,382"
62,Sony-Pictures,2005,27,10.32%,"$908,509,878","141,733,198","$1,291,189,434"
63,Sony-Pictures,2006,31,18.56%,"$1,700,794,004","259,663,192","$2,365,531,679"
64,Sony-Pictures,2007,30,12.94%,"$1,264,658,299","183,816,595","$1,674,569,180"
65,Sony-Pictures,2008,23,12.99%,"$1,266,210,334","176,352,403","$1,606,570,391"
66,Sony-Pictures,2009,24,13.61%,"$1,447,935,464","193,058,052","$1,758,758,854"
67,Sony-Pictures,2010,24,12.26%,"$1,284,700,925","162,826,478","$1,483,349,215"
68,Sony-Pictures,2011,29,12.49%,"$1,270,723,280","160,242,517","$1,459,809,330"
69,Sony-Pictures,2012,26,16.34%,"$1,796,852,200","225,735,189","$2,056,447,572"
70,Sony-Pictures,2013,19,10.61%,"$1,155,691,747","142,151,498","$1,295,000,147"
71,Sony-Pictures,2014,22,12.25%,"$1,257,971,227","153,974,434","$1,402,707,094"
72,Sony-Pictures,2015,20,8.65%,"$965,141,887","114,488,955","$1,042,994,380"
73,Sony-Pictures,2016,25,8.09%,"$911,156,774","105,336,030","$959,611,233"
74,Sony-Pictures,2017,27,9.63%,"$1,058,399,356","117,993,238","$1,074,918,398"
75,Sony-Pictures,2018,29,11.17%,"$1,334,915,146","146,532,931","$1,334,915,001"
76,Sony-Pictures,2019,24,12.18%,"$1,374,824,330","150,913,744","$1,374,824,208"
77,Sony-Pictures,2020,10,23.59%,"$384,028,561","42,154,613","$384,028,524"
78,Universal,1995,21,12.54%,"$666,656,425","153,254,338","$1,396,147,019"
79,Universal,1996,18,8.36%,"$482,379,703","109,135,672","$994,225,972"
80,Universal,1997,13,9.67%,"$614,947,075","133,975,392","$1,220,515,821"
81,Universal,1998,19,5.92%,"$400,605,109","85,416,858","$778,147,576"
82,Universal,1999,23,12.73%,"$934,514,419","183,959,519","$1,675,871,218"
83,Universal,2000,21,14.22%,"$1,070,765,560","198,657,793","$1,809,772,494"
84,Universal,2001,17,11.36%,"$948,895,186","167,649,317","$1,527,285,278"
85,Universal,2002,20,9.67%,"$884,893,161","152,305,180","$1,387,500,190"
86,Universal,2003,19,11.83%,"$1,087,018,447","180,268,390","$1,642,245,033"
87,Universal,2004,21,9.76%,"$906,814,175","146,024,817","$1,330,286,083"
88,Universal,2005,24,11.27%,"$992,449,332","154,828,275","$1,410,485,585"
89,Universal,2006,22,8.79%,"$804,919,026","122,888,389","$1,119,513,224"
90,Universal,2007,20,11.28%,"$1,102,122,027","160,192,145","$1,459,350,441"
91,Universal,2008,21,11.02%,"$1,074,520,152","149,654,614","$1,363,353,534"
92,Universal,2009,21,8.44%,"$898,333,720","119,777,823","$1,091,175,968"
93,Universal,2010,18,8.45%,"$885,837,281","112,273,421","$1,022,810,865"
94,Universal,2011,18,10.08%,"$1,025,035,016","129,260,406","$1,177,562,299"
95,Universal,2012,17,12.45%,"$1,368,500,098","171,922,114","$1,566,210,459"
96,Universal,2013,19,12.83%,"$1,396,510,275","171,772,471","$1,564,847,211"
97,Universal,2014,19,10.74%,"$1,103,203,468","135,031,016","$1,230,132,556"
98,Universal,2015,24,22.04%,"$2,458,753,995","291,667,141","$2,657,087,655"
99,Universal,2016,21,12.61%,"$1,419,511,562","164,105,372","$1,494,999,939"
100,Universal,2017,17,13.77%,"$1,513,519,872","168,731,305","$1,537,142,189"
101,Universal,2018,23,14.80%,"$1,768,084,821","194,081,752","$1,768,084,761"
102,Universal,2019,26,11.55%,"$1,303,896,396","143,128,035","$1,303,896,399"
103,Universal,2020,9,21.60%,"$351,592,755","38,594,152","$351,592,725"
104,20th-Century-Fox,1995,15,7.73%,"$410,787,635","94,433,933","$860,293,130"
105,20th-Century-Fox,1996,15,12.67%,"$730,976,224","165,379,228","$1,506,604,767"
106,20th-Century-Fox,1997,21,10.13%,"$644,398,839","140,391,895","$1,278,970,163"
107,20th-Century-Fox,1998,19,10.78%,"$729,639,504","155,573,445","$1,417,274,084"
108,20th-Century-Fox,1999,23,10.91%,"$800,943,593","157,666,048","$1,436,337,697"
109,20th-Century-Fox,2000,22,9.70%,"$730,393,108","135,508,916","$1,234,486,225"
110,20th-Century-Fox,2001,20,10.33%,"$862,854,286","152,447,744","$1,388,798,948"
111,20th-Century-Fox,2002,23,10.72%,"$981,440,569","168,922,633","$1,538,885,187"
112,20th-Century-Fox,2003,18,8.69%,"$798,485,552","132,418,822","$1,206,335,468"
113,20th-Century-Fox,2004,19,9.86%,"$916,038,874","147,510,276","$1,343,818,614"
114,20th-Century-Fox,2005,21,15.37%,"$1,352,532,267","211,003,462","$1,922,241,539"
115,20th-Century-Fox,2006,28,15.18%,"$1,390,344,635","212,266,343","$1,933,746,385"
116,20th-Century-Fox,2007,25,10.51%,"$1,026,983,634","149,270,869","$1,359,857,617"
117,20th-Century-Fox,2008,24,10.75%,"$1,048,311,696","146,004,418","$1,330,100,248"
118,20th-Century-Fox,2009,22,13.72%,"$1,460,228,750","194,697,168","$1,773,691,200"
119,20th-Century-Fox,2010,19,13.28%,"$1,391,779,577","176,397,918","$1,606,985,033"
120,20th-Century-Fox,2011,19,9.66%,"$982,812,355","123,935,984","$1,129,056,814"
121,20th-Century-Fox,2012,19,9.37%,"$1,030,117,301","129,411,713","$1,178,940,705"
122,20th-Century-Fox,2013,20,9.82%,"$1,068,879,026","131,473,427","$1,197,722,920"
123,20th-Century-Fox,2014,23,17.22%,"$1,768,595,952","216,474,400","$1,972,081,784"
124,20th-Century-Fox,2015,26,11.68%,"$1,303,466,089","154,622,311","$1,408,609,253"
125,20th-Century-Fox,2016,24,13.05%,"$1,469,417,793","169,874,881","$1,547,560,166"
126,20th-Century-Fox,2017,20,12.06%,"$1,326,397,407","147,870,389","$1,347,099,244"
127,20th-Century-Fox,2018,18,9.13%,"$1,090,603,414","119,714,973","$1,090,603,404"
128,20th-Century-Fox,2019,13,4.36%,"$492,158,921","54,024,024","$492,158,859"
129,20th-Century-Fox,2020,3,2.74%,"$44,653,688","4,901,610","$44,653,667"
130,Paramount-Pictures,1995,21,9.97%,"$529,884,404","121,812,497","$1,109,711,848"
131,Paramount-Pictures,1996,24,12.84%,"$740,924,146","167,629,885","$1,527,108,252"
132,Paramount-Pictures,1997,27,13.99%,"$889,415,108","193,772,340","$1,765,266,017"
133,Paramount-Pictures,1998,19,15.45%,"$1,046,011,656","223,030,194","$2,031,805,067"
134,Paramount-Pictures,1999,21,11.57%,"$848,754,297","167,077,607","$1,522,077,000"
135,Paramount-Pictures,2000,19,10.43%,"$785,491,260","145,731,207","$1,327,611,296"
136,Paramount-Pictures,2001,18,10.94%,"$914,413,744","161,557,191","$1,471,786,010"
137,Paramount-Pictures,2002,25,7.36%,"$673,939,881","115,996,523","$1,056,728,325"
138,Paramount-Pictures,2003,23,7.11%,"$653,849,399","108,432,724","$987,822,116"
139,Paramount-Pictures,2004,18,6.73%,"$624,885,940","100,625,746","$916,700,546"
140,Paramount-Pictures,2005,17,9.34%,"$821,959,361","128,230,781","$1,168,182,415"
141,Paramount-Pictures,2006,19,10.34%,"$947,010,659","144,581,771","$1,317,139,934"
142,Paramount-Pictures,2007,21,15.38%,"$1,502,551,245","218,394,065","$1,989,569,932"
143,Paramount-Pictures,2008,17,16.44%,"$1,602,712,839","223,219,060","$2,033,525,637"
144,Paramount-Pictures,2009,16,13.72%,"$1,460,075,602","194,676,748","$1,773,505,174"
145,Paramount-Pictures,2010,18,16.48%,"$1,727,156,249","218,904,465","$1,994,219,676"
146,Paramount-Pictures,2011,23,19.33%,"$1,966,886,567","248,031,092","$2,259,563,248"
147,Paramount-Pictures,2012,22,8.36%,"$919,099,720","115,464,777","$1,051,884,118"
148,Paramount-Pictures,2013,16,9.13%,"$994,078,331","122,272,850","$1,113,905,664"
149,Paramount-Pictures,2014,16,9.81%,"$1,007,439,212","123,309,565","$1,123,350,137"
150,Paramount-Pictures,2015,17,6.27%,"$699,155,047","82,936,534","$755,551,825"
151,Paramount-Pictures,2016,19,7.49%,"$843,742,749","97,542,505","$888,612,221"
152,Paramount-Pictures,2017,17,4.78%,"$525,408,030","58,573,908","$533,608,302"
153,Paramount-Pictures,2018,13,6.44%,"$768,846,822","84,395,920","$768,846,831"
154,Paramount-Pictures,2019,11,4.99%,"$563,908,126","61,899,898","$563,908,071"
155,Paramount-Pictures,2020,4,10.67%,"$173,718,912","19,069,034","$173,718,900"
156,Lionsgate,1996,1,0.01%,"$852,362","192,842","$1,756,791"
157,Lionsgate,1997,3,0.08%,"$5,220,478","1,137,357","$10,361,322"
158,Lionsgate,1998,15,0.14%,"$9,176,891","1,956,687","$17,825,419"
159,Lionsgate,1999,16,0.86%,"$63,436,094","12,487,412","$113,760,323"
160,Lionsgate,2000,16,0.40%,"$29,868,468","5,541,453","$50,482,637"
161,Lionsgate,2001,16,0.65%,"$54,191,780","9,574,510","$87,223,786"
162,Lionsgate,2002,11,0.74%,"$68,159,341","11,731,379","$106,872,863"
163,Lionsgate,2003,11,0.58%,"$53,600,699","8,888,999","$80,978,781"
164,Lionsgate,2004,17,3.23%,"$300,304,542","48,358,213","$440,543,320"
165,Lionsgate,2005,20,3.23%,"$284,548,050","44,391,262","$404,404,397"
166,Lionsgate,2006,17,3.59%,"$329,140,758","50,250,488","$457,781,946"
167,Lionsgate,2007,22,3.81%,"$371,881,884","54,052,588","$492,419,077"
168,Lionsgate,2008,19,4.53%,"$441,532,487","61,494,775","$560,217,400"
169,Lionsgate,2009,12,3.78%,"$402,012,617","53,601,681","$488,311,314"
170,Lionsgate,2010,16,4.90%,"$513,854,686","65,127,329","$593,309,967"
171,Lionsgate,2011,15,1.81%,"$183,873,200","23,187,029","$211,233,834"
172,Lionsgate,2012,24,11.52%,"$1,266,972,113","159,167,338","$1,450,014,449"
173,Lionsgate,2013,23,9.69%,"$1,055,159,117","129,785,858","$1,182,349,166"
174,Lionsgate,2014,22,7.09%,"$728,584,878","89,178,062","$812,412,145"
175,Lionsgate,2015,29,5.61%,"$625,356,884","74,182,297","$675,800,726"
176,Lionsgate,2016,26,5.89%,"$663,570,692","76,713,363","$698,858,737"
177,Lionsgate,2017,21,8.01%,"$880,502,025","98,160,752","$894,244,451"
178,Lionsgate,2018,17,2.95%,"$352,674,416","38,712,889","$352,674,419"
179,Lionsgate,2019,21,7.07%,"$797,851,162","87,579,701","$797,851,076"
180,Lionsgate,2020,5,3.41%,"$55,555,797","6,098,329","$55,555,777"
181,New-Line,1995,16,6.25%,"$331,897,897","76,298,359","$695,078,050"
182,New-Line,1996,20,5.17%,"$297,962,883","67,412,408","$614,127,037"
183,New-Line,1997,19,5.26%,"$334,211,383","72,812,928","$663,325,774"
184,New-Line,1998,17,7.66%,"$518,917,489","110,643,379","$1,007,961,183"
185,New-Line,1999,14,4.12%,"$302,421,532","59,531,791","$542,334,616"
186,New-Line,2000,17,4.96%,"$373,949,533","69,378,384","$632,037,078"
187,New-Line,2001,13,7.33%,"$612,290,818","108,178,584","$985,506,900"
188,New-Line,2002,12,9.62%,"$880,698,528","151,583,217","$1,380,923,107"
189,New-Line,2003,15,10.06%,"$924,444,590","153,307,553","$1,396,631,808"
190,New-Line,2004,14,4.25%,"$394,534,489","63,532,118","$578,777,595"
191,New-Line,2005,13,4.75%,"$418,061,480","65,220,192","$594,155,949"
192,New-Line,2006,13,2.74%,"$251,432,066","38,386,569","$349,701,644"
193,New-Line,2007,15,5.05%,"$493,272,026","71,696,507","$653,155,179"
194,New-Line,2008,4,0.58%,"$56,668,221","7,892,510","$71,900,766"
195,New-Line,2011,3,0.02%,"$2,366,019","298,363","$2,718,087"
196,New-Line,2018,1,0.00%,"$442,073","48,526","$442,072"
197,New-Line,2019,1,0.01%,"$786,249","86,306","$786,248"
198,Dreamworks-SKG,1997,3,1.70%,"$108,096,369","23,550,405","$214,544,190"
199,Dreamworks-SKG,1998,7,6.91%,"$467,963,255","99,778,942","$908,986,162"
200,Dreamworks-SKG,1999,9,4.43%,"$324,861,572","63,949,122","$582,576,501"
201,Dreamworks-SKG,2000,12,10.21%,"$769,106,269","142,691,323","$1,299,917,953"
202,Dreamworks-SKG,2001,8,4.79%,"$400,158,761","70,699,424","$644,071,753"
203,Dreamworks-SKG,2002,7,5.61%,"$513,651,256","88,408,129","$805,398,055"
204,Dreamworks-SKG,2003,9,2.60%,"$239,351,015","39,693,364","$361,606,546"
205,Dreamworks-SKG,2004,10,10.02%,"$930,436,099","149,828,676","$1,364,939,238"
206,Dreamworks-SKG,2005,10,5.71%,"$502,486,220","78,390,980","$714,141,828"
207,Dreamworks-SKG,2006,2,0.25%,"$22,538,455","3,440,984","$31,347,364"
208,Miramax,1995,38,3.51%,"$186,292,656","42,825,880","$390,143,767"
209,Miramax,1996,40,4.22%,"$243,647,983","55,123,957","$502,179,248"
210,Miramax,1997,33,6.66%,"$423,765,378","92,323,596","$841,067,960"
211,Miramax,1998,40,5.83%,"$394,840,826","84,187,789","$766,950,758"
212,Miramax,1999,38,4.31%,"$316,431,179","62,289,586","$567,458,128"
213,Miramax,2000,27,4.09%,"$307,697,254","57,086,676","$520,059,618"
214,Miramax,2001,31,5.23%,"$436,924,421","77,195,115","$703,247,498"
215,Miramax,2002,32,2.72%,"$248,930,830","42,845,220","$390,319,954"
216,Miramax,2003,27,4.42%,"$406,528,477","67,417,643","$614,174,728"
217,Miramax,2004,21,3.92%,"$363,638,451","58,556,905","$533,453,405"
218,Miramax,2005,17,2.00%,"$175,851,244","27,433,882","$249,922,665"
219,Miramax,2006,9,0.50%,"$45,880,724","7,004,686","$63,812,689"
220,Miramax,2007,8,1.21%,"$117,947,277","17,143,496","$156,177,249"
221,Miramax,2008,10,0.87%,"$84,793,809","11,809,719","$107,586,540"
222,Miramax,2009,8,0.51%,"$54,736,063","7,298,138","$66,486,037"
223,Miramax,2010,2,0.27%,"$27,990,098","3,547,540","$32,318,089"
224,Miramax,2011,1,0.00%,"$46,310","5,839","$53,193"
225,Miramax,2017,1,0.00%,"$9,597","1,069","$9,739"
226,Miramax,2018,1,0.00%,"$26,331","2,890","$26,328"
227,MGM,1995,19,6.27%,"$333,155,248","76,587,403","$697,711,241"
228,MGM,1996,19,5.07%,"$292,208,554","66,110,524","$602,266,874"
229,MGM,1997,12,2.68%,"$170,632,351","37,174,799","$338,662,419"
230,MGM,1998,16,2.79%,"$189,039,838","40,306,995","$367,196,724"
231,MGM,1999,14,4.23%,"$310,129,710","61,049,148","$556,157,738"
232,MGM,2000,12,1.38%,"$104,302,941","19,351,189","$176,289,332"
233,MGM,2001,14,5.37%,"$448,357,571","79,215,113","$721,649,679"
234,MGM,2002,22,4.02%,"$368,388,691","63,405,959","$577,628,286"
235,MGM,2003,21,3.94%,"$362,548,689","60,124,150","$547,731,007"
236,MGM,2004,18,2.13%,"$197,551,425","31,811,816","$289,805,644"
237,MGM,2005,8,1.32%,"$115,930,367","18,085,857","$164,762,157"
238,MGM,2006,12,1.82%,"$166,906,975","25,481,975","$232,140,792"
239,MGM,2007,22,2.85%,"$278,516,719","40,482,071","$368,791,667"
240,MGM,2008,13,1.07%,"$103,845,721","14,463,190","$131,759,661"
241,MGM,2009,5,0.22%,"$22,997,234","3,066,296","$27,933,957"
242,MGM,2010,2,0.48%,"$50,280,537","6,372,691","$58,055,215"
243,MGM,2011,1,0.00%,"$3,244",409,"$3,726"
244,MGM,2013,1,0.00%,"$214,618","26,398","$240,486"
245,MGM,2014,1,0.00%,"$135,370","16,569","$150,944"
246,MGM,2018,4,1.40%,"$167,313,968","18,365,967","$167,313,959"
247,MGM,2019,2,0.20%,"$23,135,583","2,539,580","$23,135,574"
248,Fox-Searchlight,1995,1,0.20%,"$10,426,506","2,396,897","$21,835,732"
249,Fox-Searchlight,1996,4,0.33%,"$19,043,456","4,308,473","$39,250,189"
250,Fox-Searchlight,1997,10,0.78%,"$49,861,834","10,863,139","$98,963,196"
251,Fox-Searchlight,1998,8,0.34%,"$23,155,177","4,937,134","$44,977,291"
252,Fox-Searchlight,1999,7,0.26%,"$19,421,804","3,823,186","$34,829,224"
253,Fox-Searchlight,2000,4,0.23%,"$17,233,980","3,197,397","$29,128,287"
254,Fox-Searchlight,2001,5,0.54%,"$45,316,400","8,006,430","$72,938,577"
255,Fox-Searchlight,2002,6,0.85%,"$77,554,449","13,348,439","$121,604,279"
256,Fox-Searchlight,2003,9,1.32%,"$121,337,620","20,122,320","$183,314,335"
257,Fox-Searchlight,2004,11,1.87%,"$173,280,099","27,903,391","$254,199,892"
258,Fox-Searchlight,2005,11,1.17%,"$102,567,501","16,001,165","$145,770,613"
259,Fox-Searchlight,2006,16,1.81%,"$165,442,828","25,258,440","$230,104,388"
260,Fox-Searchlight,2007,15,1.40%,"$136,559,518","19,848,762","$180,822,222"
261,Fox-Searchlight,2008,9,2.23%,"$217,747,257","30,326,915","$276,278,196"
262,Fox-Searchlight,2009,11,2.31%,"$246,172,026","32,822,936","$299,016,947"
263,Fox-Searchlight,2010,10,1.52%,"$159,610,478","20,229,464","$184,290,417"
264,Fox-Searchlight,2011,13,1.45%,"$147,300,020","18,575,032","$169,218,542"
265,Fox-Searchlight,2012,10,1.06%,"$116,367,721","14,619,056","$133,179,600"
266,Fox-Searchlight,2013,10,0.99%,"$107,779,147","13,256,961","$120,770,915"
267,Fox-Searchlight,2014,10,1.43%,"$147,030,524","17,996,386","$163,947,076"
268,Fox-Searchlight,2015,11,1.07%,"$119,254,185","14,146,405","$128,873,750"
269,Fox-Searchlight,2016,7,0.46%,"$51,270,802","5,927,257","$53,997,311"
270,Fox-Searchlight,2017,12,0.90%,"$99,334,304","11,074,059","$100,884,677"
271,Fox-Searchlight,2018,6,1.22%,"$145,184,577","15,936,836","$145,184,576"
272,Fox-Searchlight,2019,9,0.69%,"$77,858,528","8,546,487","$77,858,497"
273,Fox-Searchlight,2020,2,0.75%,"$12,247,624","1,344,415","$12,247,621"
274,Focus-Features,2000,5,0.28%,"$20,843,017","3,866,976","$35,228,151"
275,Focus-Features,2001,6,0.11%,"$9,159,594","1,618,300","$14,742,713"
276,Focus-Features,2002,6,0.29%,"$26,848,021","4,620,998","$42,097,292"
277,Focus-Features,2003,8,1.14%,"$104,787,511","17,377,693","$158,310,783"
278,Focus-Features,2004,6,0.99%,"$92,026,248","14,819,039","$135,001,445"
279,Focus-Features,2005,8,1.20%,"$106,055,182","16,545,266","$150,727,373"
280,Focus-Features,2006,9,1.35%,"$123,544,489","18,861,749","$171,830,533"
281,Focus-Features,2007,9,1.34%,"$130,820,210","19,014,562","$173,222,660"
282,Focus-Features,2008,8,1.92%,"$186,978,035","26,041,506","$237,238,120"
283,Focus-Features,2009,10,1.50%,"$159,098,145","21,213,082","$193,251,177"
284,Focus-Features,2010,8,0.71%,"$74,830,313","9,484,192","$86,400,989"
285,Focus-Features,2011,9,1.25%,"$127,197,590","16,040,044","$146,124,801"
286,Focus-Features,2012,10,1.37%,"$150,407,440","18,895,401","$172,137,103"
287,Focus-Features,2013,9,0.88%,"$95,281,091","11,719,687","$106,766,349"
288,Focus-Features,2014,9,0.98%,"$100,876,853","12,347,225","$112,483,220"
289,Focus-Features,2015,13,1.05%,"$117,551,407","13,944,408","$127,033,557"
290,Focus-Features,2016,9,1.49%,"$167,711,113","19,388,565","$176,629,827"
291,Focus-Features,2017,10,1.18%,"$129,224,415","14,406,285","$131,241,256"
292,Focus-Features,2018,14,1.44%,"$171,478,097","18,823,058","$171,478,058"
293,Focus-Features,2019,12,1.88%,"$211,785,379","23,247,571","$211,785,372"
294,Focus-Features,2020,4,0.68%,"$11,108,580","1,219,381","$11,108,561"
295,Weinstein-Co,2005,5,0.55%,"$48,355,545","7,543,765","$68,723,699"
296,Weinstein-Co,2006,11,1.25%,"$114,115,714","17,422,241","$158,716,616"
297,Weinstein-Co,2007,14,0.88%,"$85,638,155","12,447,399","$113,395,805"
298,Weinstein-Co,2008,19,0.63%,"$61,214,217","8,525,647","$77,668,644"
299,Weinstein-Co,2009,9,1.68%,"$179,077,081","23,876,939","$217,518,914"
300,Weinstein-Co,2010,8,0.39%,"$40,757,597","5,165,724","$47,059,746"
301,Weinstein-Co,2011,14,2.11%,"$214,898,591","27,099,436","$246,875,862"
302,Weinstein-Co,2012,21,2.77%,"$304,362,650","38,236,505","$348,334,561"
303,Weinstein-Co,2013,22,4.15%,"$452,204,441","55,621,692","$506,713,614"
304,Weinstein-Co,2014,18,2.24%,"$230,033,706","28,155,890","$256,500,158"
305,Weinstein-Co,2015,14,2.72%,"$303,884,529","36,047,980","$328,397,098"
306,Weinstein-Co,2016,10,0.43%,"$47,922,802","5,540,204","$50,471,258"
307,Weinstein-Co,2017,8,1.13%,"$124,720,128","13,904,140","$126,666,715"
308,Summit-Entertainment,2007,1,0.06%,"$6,348,315","922,720","$8,405,979"
309,Summit-Entertainment,2008,5,2.39%,"$232,752,668","32,416,804","$295,317,084"
310,Summit-Entertainment,2009,11,4.52%,"$480,408,885","64,054,511","$583,536,595"
311,Summit-Entertainment,2010,11,4.96%,"$519,928,031","65,897,088","$600,322,472"
312,Summit-Entertainment,2011,10,4.06%,"$413,522,970","52,146,650","$475,055,982"
313,Summit-Entertainment,2012,2,0.13%,"$14,061,926","1,766,573","$16,093,480"
314,Sony-Pictures-Classics,1995,14,0.41%,"$21,750,572","5,000,124","$45,551,130"
315,Sony-Pictures-Classics,1996,17,0.70%,"$40,200,823","9,095,201","$82,857,281"
316,Sony-Pictures-Classics,1997,19,0.35%,"$21,998,981","4,792,797","$43,662,381"
317,Sony-Pictures-Classics,1998,20,0.67%,"$45,583,526","9,719,292","$88,542,750"
318,Sony-Pictures-Classics,1999,17,0.36%,"$26,333,037","5,183,660","$47,223,143"
319,Sony-Pictures-Classics,2000,22,0.67%,"$50,512,602","9,371,527","$85,374,611"
320,Sony-Pictures-Classics,2001,15,1.64%,"$136,897,646","24,186,856","$220,342,258"
321,Sony-Pictures-Classics,2002,18,0.24%,"$21,788,436","3,750,152","$34,163,885"
322,Sony-Pictures-Classics,2003,17,0.33%,"$30,614,883","5,077,086","$46,252,253"
323,Sony-Pictures-Classics,2004,17,0.24%,"$21,948,500","3,534,375","$32,198,156"
324,Sony-Pictures-Classics,2005,27,0.67%,"$59,151,102","9,227,925","$84,066,397"
325,Sony-Pictures-Classics,2006,24,0.66%,"$60,666,220","9,262,007","$84,376,884"
326,Sony-Pictures-Classics,2007,23,0.40%,"$39,412,362","5,728,530","$52,186,908"
327,Sony-Pictures-Classics,2008,24,0.42%,"$41,365,568","5,761,208","$52,484,605"
328,Sony-Pictures-Classics,2009,26,0.46%,"$49,395,750","6,586,088","$59,999,262"
329,Sony-Pictures-Classics,2010,26,0.64%,"$67,356,802","8,536,968","$77,771,778"
330,Sony-Pictures-Classics,2011,25,0.96%,"$98,011,609","12,359,584","$112,595,810"
331,Sony-Pictures-Classics,2012,23,0.52%,"$57,709,683","7,249,948","$66,047,026"
332,Sony-Pictures-Classics,2013,20,0.64%,"$69,544,128","8,554,003","$77,926,967"
333,Sony-Pictures-Classics,2014,21,0.44%,"$45,097,849","5,519,923","$50,286,499"
334,Sony-Pictures-Classics,2015,23,0.54%,"$60,018,082","7,119,571","$64,859,292"
335,Sony-Pictures-Classics,2016,20,0.29%,"$32,090,195","3,709,838","$33,796,624"
336,Sony-Pictures-Classics,2017,18,0.28%,"$30,801,828","3,433,862","$31,282,483"
337,Sony-Pictures-Classics,2018,19,0.32%,"$37,988,193","4,169,937","$37,988,126"
338,Sony-Pictures-Classics,2019,17,0.21%,"$23,559,760","2,586,133","$23,559,672"
339,Sony-Pictures-Classics,2020,5,0.13%,"$2,182,121","239,527","$2,182,091"
340,STX-Entertainment,2015,2,0.57%,"$63,906,299","7,580,817","$69,061,243"
341,STX-Entertainment,2016,7,1.74%,"$195,608,870","22,613,740","$206,011,171"
342,STX-Entertainment,2017,9,1.88%,"$206,549,620","23,026,711","$209,773,337"
343,STX-Entertainment,2018,10,2.33%,"$278,806,321","30,604,421","$278,806,275"
344,STX-Entertainment,2019,10,2.82%,"$318,803,265","34,994,865","$318,803,220"
345,STX-Entertainment,2020,6,3.02%,"$49,188,818","5,399,428","$49,188,789"
346,Miramax-Dimension,1996,1,0.45%,"$25,728,961","5,821,031","$53,029,592"
347,Miramax-Dimension,2000,2,2.25%,"$169,820,961","31,506,670","$287,025,764"
348,Miramax-Dimension,2001,3,2.56%,"$214,028,868","37,814,286","$344,488,145"
349,Miramax-Dimension,2002,5,1.42%,"$130,303,083","22,427,378","$204,313,414"
350,Miramax-Dimension,2003,6,3.20%,"$294,124,463","48,776,856","$444,357,158"
351,Miramax-Dimension,2004,4,0.22%,"$20,296,249","3,268,315","$29,774,350"
352,Miramax-Dimension,2005,7,2.06%,"$181,370,645","28,294,949","$257,766,985"
353,Relativity,2010,1,0.05%,"$5,569,301","705,868","$6,430,457"
354,Relativity,2011,9,2.24%,"$228,217,282","28,778,971","$262,176,426"
355,Relativity,2012,6,1.84%,"$202,357,616","25,421,808","$231,592,671"
356,Relativity,2013,9,2.22%,"$241,948,226","29,759,925","$271,112,917"
357,Relativity,2014,13,1.96%,"$201,202,223","24,626,949","$224,351,505"
358,Relativity,2015,5,0.30%,"$33,280,840","3,947,902","$35,965,387"
359,Relativity,2016,2,0.18%,"$19,780,361","2,286,746","$20,832,256"
360,Open-Road,2011,1,0.25%,"$25,124,986","3,168,346","$28,863,632"
361,Open-Road,2012,7,1.77%,"$194,695,120","24,459,182","$222,823,148"
362,Open-Road,2013,9,1.38%,"$150,140,477","18,467,459","$168,238,551"
363,Open-Road,2014,8,1.57%,"$161,696,651","19,791,509","$180,300,647"
364,Open-Road,2015,7,0.48%,"$53,866,100","6,389,808","$58,211,151"
365,Open-Road,2016,8,0.94%,"$105,841,222","12,235,975","$111,469,732"
366,Open-Road,2017,9,0.99%,"$108,802,294","12,129,572","$110,500,401"
367,Open-Road,2018,1,0.00%,"$583,341","64,033","$583,341"
368,A24,2013,5,0.26%,"$27,871,548","3,428,232","$31,231,194"
369,A24,2014,11,0.12%,"$12,303,718","1,505,955","$13,719,250"
370,A24,2015,12,0.47%,"$52,531,911","6,231,538","$56,769,311"
371,A24,2016,19,0.59%,"$65,885,207","7,616,776","$69,388,829"
372,A24,2017,17,0.93%,"$101,703,502","11,338,176","$103,290,783"
373,A24,2018,14,0.77%,"$91,664,889","10,062,001","$91,664,829"
374,A24,2019,13,0.95%,"$107,420,363","11,791,473","$107,420,319"
375,A24,2020,4,0.84%,"$13,658,766","1,499,314","$13,658,751"
376,Newmarket-Films,2001,2,0.31%,"$25,968,111","4,588,005","$41,796,726"
377,Newmarket-Films,2002,2,0.06%,"$5,455,679","939,014","$8,554,418"
378,Newmarket-Films,2003,4,0.24%,"$21,908,815","3,633,301","$33,099,372"
379,Newmarket-Films,2004,8,4.38%,"$406,440,167","65,449,298","$596,243,105"
380,Newmarket-Films,2005,5,0.08%,"$7,389,116","1,152,746","$10,501,516"
381,Newmarket-Films,2006,1,0.01%,"$519,086","79,249","$721,958"
382,Newmarket-Films,2007,1,0.00%,"$301,447","43,814","$399,146"
383,Newmarket-Films,2010,2,0.01%,"$960,746","121,767","$1,109,297"
384,Newmarket-Films,2011,1,0.03%,"$2,719,296","342,912","$3,123,928"
385,Newmarket-Films,2017,1,0.00%,"$209,484","23,353","$212,746"
386,Roadside-Attractions,2007,4,0.09%,"$9,225,947","1,340,980","$12,216,328"
387,Roadside-Attractions,2008,14,0.08%,"$8,215,650","1,144,233","$10,423,963"
388,Roadside-Attractions,2009,14,0.12%,"$13,123,419","1,749,783","$15,940,523"
389,Roadside-Attractions,2010,15,0.10%,"$10,048,748","1,273,598","$11,602,478"
390,Roadside-Attractions,2011,14,0.27%,"$27,842,431","3,511,019","$31,985,383"
391,Roadside-Attractions,2012,12,0.18%,"$19,654,354","2,469,133","$22,493,802"
392,Roadside-Attractions,2013,13,0.44%,"$47,976,097","5,901,111","$53,759,121"
393,Roadside-Attractions,2014,12,0.26%,"$26,249,990","3,212,966","$29,270,120"
394,Roadside-Attractions,2015,10,0.18%,"$20,338,560","2,412,636","$21,979,114"
395,Roadside-Attractions,2016,10,0.68%,"$77,010,430","8,902,935","$81,105,738"
396,Roadside-Attractions,2017,10,0.34%,"$37,681,044","4,200,780","$38,269,106"
397,Roadside-Attractions,2018,11,0.95%,"$112,914,813","12,394,595","$112,914,760"
398,Roadside-Attractions,2019,10,0.48%,"$54,577,477","5,990,937","$54,577,436"
399,Roadside-Attractions,2020,3,0.21%,"$3,346,150","367,304","$3,346,139"
400,IFC-Films,2001,4,0.03%,"$2,570,925","454,225","$4,137,990"
401,IFC-Films,2002,7,2.65%,"$242,257,336","41,696,612","$379,856,135"
402,IFC-Films,2003,5,0.18%,"$16,527,254","2,740,836","$24,969,016"
403,IFC-Films,2004,10,0.09%,"$7,996,864","1,287,735","$11,731,266"
404,IFC-Films,2005,13,0.08%,"$7,329,312","1,143,413","$10,416,492"
405,IFC-Films,2006,21,0.07%,"$6,166,412","941,426","$8,576,391"
406,IFC-Films,2007,24,0.07%,"$6,910,898","1,004,480","$9,150,813"
407,IFC-Films,2008,25,0.06%,"$6,003,993","836,198","$7,617,764"
408,IFC-Films,2009,25,0.09%,"$9,619,636","1,282,606","$11,684,541"
409,IFC-Films,2010,36,0.10%,"$10,232,134","1,296,831","$11,814,130"
410,IFC-Films,2011,44,0.17%,"$17,354,159","2,188,415","$19,936,461"
411,IFC-Films,2012,36,0.12%,"$13,391,316","1,682,311","$15,325,853"
412,IFC-Films,2013,34,0.10%,"$10,810,319","1,329,665","$12,113,248"
413,IFC-Films,2014,35,0.31%,"$31,772,291","3,888,879","$35,427,688"
414,IFC-Films,2015,28,0.09%,"$10,494,469","1,244,880","$11,340,857"
415,IFC-Films,2016,18,0.10%,"$11,211,639","1,296,135","$11,807,790"
416,IFC-Films,2017,24,0.06%,"$6,810,852","759,278","$6,917,023"
417,IFC-Films,2018,23,0.11%,"$12,690,498","1,393,029","$12,690,494"
418,IFC-Films,2019,23,0.06%,"$6,501,073","713,610","$6,500,987"
419,IFC-Films,2020,5,0.01%,"$123,299","13,531","$123,267"
420,CBS-Films,2010,3,0.69%,"$72,829,618","9,230,622","$84,090,966"
421,CBS-Films,2011,3,0.56%,"$57,370,219","7,234,579","$65,907,015"
422,CBS-Films,2012,4,0.82%,"$89,893,717","11,293,179","$102,880,861"
423,CBS-Films,2013,5,0.83%,"$90,856,768","11,175,491","$101,808,723"
424,CBS-Films,2014,5,0.11%,"$11,353,281","1,389,628","$12,659,511"
425,CBS-Films,2015,2,0.54%,"$60,224,100","7,144,021","$65,082,031"
426,CBS-Films,2016,1,0.00%,"$108,974","12,598","$114,768"
427,CBS-Films,2017,2,0.01%,"$1,528,956","170,451","$1,552,809"
428,CBS-Films,2018,3,0.32%,"$38,176,189","4,190,580","$38,176,184"
429,CBS-Films,2019,2,0.04%,"$5,004,377","549,326","$5,004,360"
430,FilmDistrict,2011,5,1.24%,"$126,047,836","15,895,058","$144,803,978"
431,FilmDistrict,2012,4,0.16%,"$17,344,931","2,179,010","$19,850,781"
432,FilmDistrict,2013,6,1.96%,"$213,471,308","26,257,230","$239,203,365"
433,FilmDistrict,2014,1,0.25%,"$26,068,955","3,190,814","$29,068,316"
434,Artisan,1998,8,0.33%,"$22,476,640","4,792,457","$43,659,283"
435,Artisan,1999,16,2.61%,"$191,285,321","37,654,584","$343,033,260"
436,Artisan,2000,11,0.97%,"$73,010,105","13,545,470","$123,399,232"
437,Artisan,2001,6,0.16%,"$13,602,111","2,403,198","$21,893,134"
438,Artisan,2002,7,0.60%,"$54,934,765","9,455,206","$86,136,927"
439,Artisan,2003,8,0.25%,"$23,429,986","3,885,566","$35,397,506"
440,Artisan,2004,2,0.01%,"$847,218","136,428","$1,242,859"
441,Paramount-Vantage,1999,4,0.02%,"$1,356,114","266,950","$2,431,915"
442,Paramount-Vantage,2000,6,0.21%,"$16,171,312","3,000,241","$27,332,196"
443,Paramount-Vantage,2001,9,0.27%,"$22,742,139","4,018,042","$36,604,363"
444,Paramount-Vantage,2002,8,0.06%,"$5,716,567","983,914","$8,963,457"
445,Paramount-Vantage,2003,5,0.05%,"$4,732,151","784,766","$7,149,218"
446,Paramount-Vantage,2004,9,0.07%,"$6,301,005","1,014,650","$9,243,462"
447,Paramount-Vantage,2005,8,0.37%,"$32,527,569","5,074,499","$46,228,686"
448,Paramount-Vantage,2006,5,0.50%,"$46,190,202","7,051,936","$64,243,137"
449,Paramount-Vantage,2007,9,0.63%,"$61,105,917","8,881,671","$80,912,023"
450,Paramount-Vantage,2008,12,0.90%,"$87,993,629","12,255,378","$111,646,494"
451,Paramount-Vantage,2009,5,0.61%,"$65,267,365","8,702,315","$79,278,090"
452,Paramount-Vantage,2010,3,0.19%,"$20,433,287","2,589,770","$23,592,805"
453,Paramount-Vantage,2012,2,0.04%,"$4,686,312","588,732","$5,363,349"
454,Paramount-Vantage,2013,1,0.00%,"$193,906","23,850","$217,274"
455,Paramount-Vantage,2017,1,0.03%,"$3,496,795","389,832","$3,551,370"
456,Overture-Films,2008,8,1.06%,"$103,469,106","14,410,735","$131,281,796"
457,Overture-Films,2009,8,1.48%,"$157,614,161","21,015,218","$191,448,636"
458,Overture-Films,2010,7,0.78%,"$81,612,865","10,343,835","$94,232,337"
459,United-Artists,2001,1,0.06%,"$4,626,290","817,365","$7,446,195"
460,United-Artists,2002,1,0.00%,"$228,518","39,331","$358,305"
461,United-Artists,2003,2,0.03%,"$2,479,472","411,188","$3,745,923"
462,United-Artists,2005,1,0.00%,"$45,250","7,059","$64,307"
463,United-Artists,2007,2,0.15%,"$14,956,486","2,173,907","$19,804,293"
464,United-Artists,2008,2,0.62%,"$60,793,670","8,467,084","$77,135,135"
465,United-Artists,2009,1,0.21%,"$22,373,908","2,983,188","$27,176,843"
466,United-Artists,2010,1,0.00%,"$40,249","5,101","$46,470"
467,United-Artists,2018,1,0.01%,"$993,385","109,043","$993,382"
468,United-Artists,2019,6,1.86%,"$210,340,105","23,088,921","$210,340,070"
469,United-Artists,2020,1,0.94%,"$15,347,654","1,684,704","$15,347,653"
470,IMAX-Films,1995,1,1.22%,"$64,800,000","14,896,551","$135,707,580"
471,IMAX-Films,1998,2,0.05%,"$3,526,086","751,830","$6,849,171"
472,IMAX-Films,1999,6,0.54%,"$39,766,350","7,828,019","$71,313,253"
473,IMAX-Films,2000,6,0.40%,"$30,072,082","5,579,233","$50,826,813"
474,IMAX-Films,2001,8,0.22%,"$18,769,800","3,316,216","$30,210,728"
475,IMAX-Films,2002,8,0.45%,"$40,974,642","7,052,430","$64,247,637"
476,IMAX-Films,2003,6,0.24%,"$21,892,302","3,630,561","$33,074,411"
477,IMAX-Films,2004,5,0.17%,"$15,716,787","2,530,881","$23,056,326"
478,IMAX-Films,2005,5,0.20%,"$17,523,155","2,733,719","$24,904,180"
479,IMAX-Films,2006,5,0.17%,"$15,823,354","2,415,776","$22,007,719"
480,IMAX-Films,2007,5,0.10%,"$10,144,433","1,474,480","$13,432,513"
481,IMAX-Films,2008,4,0.17%,"$16,952,021","2,361,003","$21,508,737"
482,IMAX-Films,2009,4,0.07%,"$7,938,908","1,058,518","$9,643,099"
483,IMAX-Films,2010,3,0.04%,"$4,549,480","576,612","$5,252,935"
484,IMAX-Films,2011,3,0.02%,"$2,523,115","318,171","$2,898,538"
485,IMAX-Films,2012,3,0.02%,"$2,124,838","266,938","$2,431,805"
486,IMAX-Films,2013,3,0.02%,"$2,449,832","301,332","$2,745,135"
487,IMAX-Films,2014,1,0.01%,"$728,699","89,192","$812,539"
488,IMAX-Films,2015,1,0.03%,"$3,201,391","379,761","$3,459,623"
489,IMAX-Films,2016,2,0.00%,"$557,977","64,505","$587,641"
490,IMAX-Films,2018,1,0.05%,"$5,757,906","632,042","$5,757,903"
491,IMAX-Films,2019,2,0.02%,"$2,666,106","292,657","$2,666,105"
492,USA-Films,1999,8,0.27%,"$19,924,947","3,922,230","$35,731,515"
493,USA-Films,2000,12,1.11%,"$83,654,065","15,520,229","$141,389,286"
494,USA-Films,2001,5,1.67%,"$139,196,941","24,593,095","$224,043,095"
495,USA-Films,2002,3,0.58%,"$53,506,478","9,209,375","$83,897,406"
496,Gramercy,1995,15,1.12%,"$59,488,898","13,675,600","$124,584,716"
497,Gramercy,1996,14,1.45%,"$83,450,697","18,880,240","$171,998,986"
498,Gramercy,1997,14,1.19%,"$75,550,740","16,459,850","$149,949,234"
499,Gramercy,1998,11,0.65%,"$44,163,931","9,416,611","$85,785,326"
500,Gramercy,1999,5,0.44%,"$32,043,205","6,307,714","$57,463,275"
501,Weinstein-Dimension,2006,3,1.21%,"$111,031,187","16,951,325","$154,426,571"
502,Weinstein-Dimension,2007,4,0.32%,"$31,534,575","4,583,513","$41,755,803"
503,Weinstein-Dimension,2009,1,0.31%,"$33,392,973","4,452,396","$40,561,328"
504,Weinstein-Dimension,2010,2,0.38%,"$40,288,743","5,106,303","$46,518,420"
505,Weinstein-Dimension,2011,2,0.75%,"$76,717,304","9,674,313","$88,132,991"
506,Pure-Flix-Entertainment,2014,1,0.59%,"$60,755,732","7,436,442","$67,745,987"
507,Pure-Flix-Entertainment,2015,2,0.25%,"$27,366,199","3,246,286","$29,573,665"
508,Pure-Flix-Entertainment,2016,4,0.22%,"$25,264,272","2,920,722","$26,607,777"
509,Pure-Flix-Entertainment,2017,3,0.22%,"$23,659,792","2,637,656","$24,029,046"
510,Pure-Flix-Entertainment,2018,5,0.17%,"$20,206,781","2,218,086","$20,206,763"
511,Pure-Flix-Entertainment,2019,1,0.17%,"$19,005,109","2,086,181","$19,005,109"
512,Bleecker-Street,2015,5,0.20%,"$22,629,060","2,684,347","$24,454,401"
513,Bleecker-Street,2016,6,0.29%,"$32,564,847","3,764,720","$34,296,599"
514,Bleecker-Street,2017,7,0.54%,"$59,644,584","6,649,336","$60,575,451"
515,Bleecker-Street,2018,11,0.27%,"$32,146,725","3,528,724","$32,146,676"
516,Bleecker-Street,2019,6,0.17%,"$19,612,529","2,152,854","$19,612,500"
517,Bleecker-Street,2020,3,0.09%,"$1,427,516","156,697","$1,427,510"
518,Magnolia-Pictures,2002,3,0.04%,"$4,072,550","700,953","$6,385,682"
519,Magnolia-Pictures,2003,2,0.04%,"$3,447,121","571,661","$5,207,832"
520,Magnolia-Pictures,2004,10,0.11%,"$10,476,759","1,687,074","$15,369,244"
521,Magnolia-Pictures,2005,8,0.10%,"$9,193,188","1,434,190","$13,065,471"
522,Magnolia-Pictures,2006,17,0.12%,"$10,765,467","1,643,574","$14,972,959"
523,Magnolia-Pictures,2007,23,0.07%,"$6,364,816","925,108","$8,427,734"
524,Magnolia-Pictures,2008,21,0.10%,"$9,958,067","1,386,907","$12,634,723"
525,Magnolia-Pictures,2009,27,0.12%,"$12,526,258","1,670,156","$15,215,121"
526,Magnolia-Pictures,2010,23,0.08%,"$8,692,474","1,101,696","$10,036,451"
527,Magnolia-Pictures,2011,21,0.07%,"$6,802,884","857,857","$7,815,077"
528,Magnolia-Pictures,2012,25,0.11%,"$11,813,717","1,484,124","$13,520,370"
529,Magnolia-Pictures,2013,31,0.07%,"$7,090,994","872,184","$7,945,596"
530,Magnolia-Pictures,2014,33,0.05%,"$5,187,233","634,894","$5,783,884"
531,Magnolia-Pictures,2015,26,0.07%,"$7,281,968","863,803","$7,869,245"
532,Magnolia-Pictures,2016,30,0.06%,"$6,580,241","760,706","$6,930,032"
533,Magnolia-Pictures,2017,22,0.09%,"$10,365,722","1,155,586","$10,527,388"
534,Magnolia-Pictures,2018,27,0.17%,"$19,820,981","2,175,726","$19,820,864"
535,Magnolia-Pictures,2019,19,0.05%,"$5,817,737","638,602","$5,817,664"
536,Magnolia-Pictures,2020,5,0.04%,"$698,747","76,700","$698,737"
537,Picturehouse,2005,5,0.03%,"$2,727,982","425,579","$3,877,025"
538,Picturehouse,2006,7,0.26%,"$23,870,565","3,644,358","$33,200,101"
539,Picturehouse,2007,9,0.63%,"$61,275,603","8,906,334","$81,136,703"
540,Picturehouse,2008,6,0.64%,"$62,737,944","8,737,873","$79,602,023"
541,Picturehouse,2013,1,0.03%,"$3,419,967","420,660","$3,832,213"
542,Picturehouse,2014,1,0.00%,"$369,911","45,276","$412,464"
543,Picturehouse,2015,1,0.01%,"$1,009,984","119,808","$1,091,451"
544,Polygram,1997,2,0.76%,"$48,270,581","10,516,466","$95,805,005"
545,Polygram,1998,6,1.49%,"$100,959,041","21,526,446","$196,105,923"
546,Polygram,2006,1,0.02%,"$1,500,506","229,084","$2,086,955"
547,Warner-Independent,2004,3,0.08%,"$7,015,410","1,129,694","$10,291,512"
548,Warner-Independent,2005,6,1.25%,"$110,241,433","17,198,348","$156,676,950"
549,Warner-Independent,2006,10,0.24%,"$21,785,851","3,326,078","$30,300,571"
550,Warner-Independent,2007,5,0.09%,"$8,889,868","1,292,129","$11,771,295"
551,Warner-Independent,2008,2,0.02%,"$1,697,498","236,419","$2,153,777"
552,MacGillivray-Freeman-Films,1998,1,0.99%,"$66,877,098","14,259,509","$129,904,127"
553,MacGillivray-Freeman-Films,1999,1,0.25%,"$18,064,450","3,555,994","$32,395,105"
554,MacGillivray-Freeman-Films,2000,2,0.75%,"$56,237,051","10,433,589","$95,049,996"
555,MacGillivray-Freeman-Films,2014,1,0.05%,"$5,238,809","641,225","$5,841,560"
556,MacGillivray-Freeman-Films,2015,1,0.02%,"$1,852,230","219,718","$2,001,631"
557,MacGillivray-Freeman-Films,2016,1,0.00%,"$53,171","6,146","$55,990"
558,Focus-Rogue-Pictures,2004,2,0.33%,"$30,559,064","4,920,944","$44,829,800"
559,Focus-Rogue-Pictures,2005,3,0.62%,"$54,626,190","8,522,024","$77,635,639"
560,Focus-Rogue-Pictures,2006,5,0.64%,"$58,766,414","8,971,969","$81,734,638"
561,Neon,2017,8,0.09%,"$9,561,056","1,065,888","$9,710,240"
562,Neon,2018,10,0.37%,"$44,555,740","4,890,855","$44,555,689"
563,Neon,2019,11,0.44%,"$50,202,933","5,510,744","$50,202,878"
564,Neon,2020,5,2.17%,"$35,347,239","3,880,046","$35,347,219"
565,Fine-Line,1995,11,0.30%,"$16,077,262","3,695,915","$33,669,786"
566,Fine-Line,1996,7,0.16%,"$9,076,896","2,053,595","$18,708,250"
567,Fine-Line,1997,12,0.62%,"$39,276,182","8,556,897","$77,953,332"
568,Fine-Line,1998,8,0.19%,"$12,620,908","2,691,021","$24,515,201"
569,Fine-Line,1999,9,0.10%,"$7,421,500","1,460,921","$13,308,990"
570,Fine-Line,2000,10,0.27%,"$20,406,334","3,785,957","$34,490,068"
571,Fine-Line,2001,4,0.20%,"$16,445,730","2,905,604","$26,470,052"
572,Fine-Line,2002,3,0.02%,"$1,778,018","306,025","$2,787,888"
573,Fine-Line,2003,2,0.08%,"$7,270,542","1,205,727","$10,984,173"
574,Fine-Line,2004,3,0.04%,"$3,604,785","580,479","$5,288,164"
575,Fine-Line,2005,5,0.05%,"$3,963,838","618,382","$5,633,460"
576,Fine-Line,2013,1,0.00%,"$38,933","4,788","$43,619"
577,Fine-Line,2018,2,0.00%,"$11,573","1,269","$11,561"
578,Entertainment-Studios-Motion-Pictures,2017,6,0.47%,"$51,762,989","5,770,677","$52,570,867"
579,Entertainment-Studios-Motion-Pictures,2018,3,0.45%,"$53,244,714","5,844,643","$53,244,698"
580,Entertainment-Studios-Motion-Pictures,2019,4,0.29%,"$32,699,249","3,589,378","$32,699,234"
581,Samuel-Goldwyn-Films,2000,1,0.00%,"$5,518","1,023","$9,320"
582,Samuel-Goldwyn-Films,2001,1,0.00%,"$94,940","16,773","$152,802"
583,Samuel-Goldwyn-Films,2002,1,0.02%,"$1,397,734","240,573","$2,191,620"
584,Samuel-Goldwyn-Films,2003,5,0.05%,"$4,828,747","800,786","$7,295,160"
585,Samuel-Goldwyn-Films,2005,6,0.06%,"$4,896,468","763,877","$6,958,919"
586,Samuel-Goldwyn-Films,2007,9,0.29%,"$27,864,223","4,050,027","$36,895,746"
587,Samuel-Goldwyn-Films,2008,7,0.43%,"$41,604,805","5,794,538","$52,788,241"
588,Samuel-Goldwyn-Films,2009,6,0.03%,"$2,991,864","398,913","$3,634,097"
589,Samuel-Goldwyn-Films,2010,8,0.12%,"$12,315,747","1,560,927","$14,220,045"
590,Samuel-Goldwyn-Films,2011,11,0.07%,"$7,232,406","912,025","$8,308,548"
591,Samuel-Goldwyn-Films,2012,7,0.04%,"$4,505,451","566,008","$5,156,333"
592,Samuel-Goldwyn-Films,2013,5,0.05%,"$5,365,345","659,941","$6,012,063"
593,Samuel-Goldwyn-Films,2014,8,0.05%,"$4,770,501","583,901","$5,319,338"
594,Samuel-Goldwyn-Films,2015,4,0.05%,"$5,108,417","605,978","$5,520,460"
595,Samuel-Goldwyn-Films,2016,4,0.00%,"$40,106","4,634","$42,216"
596,Samuel-Goldwyn-Films,2017,4,0.01%,"$848,679","94,611","$861,906"
597,Samuel-Goldwyn-Films,2018,3,0.00%,"$182,375","20,018","$182,364"
598,Samuel-Goldwyn-Films,2019,1,0.00%,"$7,710",846,"$7,707"
599,Eros-Entertainment,1999,6,0.07%,"$5,015,082","987,220","$8,993,574"
600,Eros-Entertainment,2000,4,0.02%,"$1,215,181","225,450","$2,053,850"
601,Eros-Entertainment,2001,2,0.01%,"$986,207","174,241","$1,587,336"
602,Eros-Entertainment,2003,3,0.02%,"$1,688,031","279,937","$2,550,226"
603,Eros-Entertainment,2004,4,0.03%,"$2,362,959","380,507","$3,466,419"
604,Eros-Entertainment,2005,12,0.06%,"$4,859,748","758,145","$6,906,701"
605,Eros-Entertainment,2006,8,0.04%,"$4,017,191","613,306","$5,587,218"
606,Eros-Entertainment,2007,13,0.14%,"$13,663,252","1,985,931","$18,091,831"
607,Eros-Entertainment,2008,10,0.05%,"$5,044,922","702,631","$6,400,968"
608,Eros-Entertainment,2009,4,0.04%,"$4,507,401","600,985","$5,474,973"
609,Eros-Entertainment,2010,8,0.06%,"$6,100,130","773,144","$7,043,342"
610,Eros-Entertainment,2011,11,0.11%,"$10,949,129","1,380,716","$12,578,323"
611,Eros-Entertainment,2012,11,0.11%,"$12,139,582","1,525,067","$13,893,360"
612,Eros-Entertainment,2013,6,0.07%,"$7,620,102","937,279","$8,538,612"
613,Eros-Entertainment,2014,7,0.06%,"$5,967,502","730,414","$6,654,072"
614,Eros-Entertainment,2015,14,0.22%,"$24,099,993","2,858,828","$26,043,923"
615,Eros-Entertainment,2016,13,0.06%,"$6,489,154","750,185","$6,834,185"
616,Eros-Entertainment,2017,2,0.01%,"$576,824","64,305","$585,819"
617,Eros-Entertainment,2018,6,0.03%,"$3,039,879","333,683","$3,039,852"
618,Eros-Entertainment,2019,1,0.00%,"$227,714","24,996","$227,714"
619,Sony-TriStar,1995,2,0.06%,"$2,943,534","676,674","$6,164,500"
620,Sony-TriStar,1997,2,0.06%,"$4,012,889","874,266","$7,964,563"
621,Sony-TriStar,1998,3,0.87%,"$58,993,028","12,578,470","$114,589,862"
622,Sony-TriStar,1999,1,0.56%,"$41,012,827","8,073,391","$73,548,592"
623,Sony-TriStar,2005,2,0.15%,"$13,344,437","2,081,815","$18,965,335"
624,Freestyle-Releasing,2005,8,0.03%,"$2,813,322","438,891","$3,998,297"
625,Freestyle-Releasing,2006,9,0.23%,"$20,999,861","3,206,081","$29,207,398"
626,Freestyle-Releasing,2007,6,0.13%,"$12,928,528","1,879,143","$17,118,993"
627,Freestyle-Releasing,2008,6,0.24%,"$23,812,755","3,316,538","$30,213,661"
628,Freestyle-Releasing,2009,6,0.12%,"$12,781,745","1,704,229","$15,525,526"
629,Freestyle-Releasing,2010,10,0.04%,"$4,046,041","512,800","$4,671,608"
630,Freestyle-Releasing,2011,7,0.02%,"$1,551,841","195,688","$1,782,718"
631,Freestyle-Releasing,2012,4,0.00%,"$187,355","23,536","$214,413"
632,Freestyle-Releasing,2013,9,0.01%,"$1,192,502","146,675","$1,336,209"
633,Freestyle-Releasing,2014,12,0.17%,"$17,550,036","2,148,100","$19,569,191"
634,Freestyle-Releasing,2015,16,0.04%,"$4,935,127","585,416","$5,333,140"
635,Freestyle-Releasing,2016,6,0.08%,"$9,434,873","1,090,734","$9,936,587"
636,Freestyle-Releasing,2017,2,0.00%,"$26,783","2,985","$27,193"
637,Freestyle-Releasing,2018,2,0.02%,"$2,892,640","317,523","$2,892,635"
638,Freestyle-Releasing,2019,1,0.00%,"$43,059","4,726","$43,054"
639,October-Films,1995,5,0.10%,"$5,191,751","1,193,504","$10,872,821"
640,October-Films,1996,9,0.19%,"$10,776,486","2,438,114","$22,211,219"
641,October-Films,1997,10,0.29%,"$18,737,992","4,082,344","$37,190,154"
642,October-Films,1998,11,0.43%,"$28,822,836","6,145,588","$55,986,307"
643,October-Films,1999,9,0.56%,"$41,416,362","8,152,823","$74,272,218"
644,October-Films,2000,1,0.01%,"$743,115","137,869","$1,255,987"
645,Annapurna-Pictures,2017,3,0.19%,"$20,508,659","2,286,360","$20,828,740"
646,Annapurna-Pictures,2018,5,0.46%,"$55,020,978","6,039,622","$55,020,956"
647,Annapurna-Pictures,2019,3,0.26%,"$29,900,553","3,282,166","$29,900,532"
648,Broad-Green-Pictures,2015,5,0.31%,"$34,483,152","4,090,525","$37,264,683"
649,Broad-Green-Pictures,2016,6,0.33%,"$37,145,331","4,294,256","$39,120,672"
650,Broad-Green-Pictures,2017,5,0.19%,"$20,962,034","2,336,901","$21,289,168"
651,Broad-Green-Pictures,2018,1,0.00%,"$32,608","3,579","$32,605"
652,UTV-Communications,2004,3,0.02%,"$1,902,761","306,401","$2,791,313"
653,UTV-Communications,2005,6,0.03%,"$2,384,330","371,967","$3,388,619"
654,UTV-Communications,2006,7,0.06%,"$5,465,846","834,477","$7,602,085"
655,UTV-Communications,2007,4,0.01%,"$1,404,598","204,156","$1,859,861"
656,UTV-Communications,2008,8,0.06%,"$6,296,933","877,006","$7,989,525"
657,UTV-Communications,2009,7,0.04%,"$3,853,318","513,772","$4,680,463"
658,UTV-Communications,2010,8,0.06%,"$5,988,725","759,023","$6,914,700"
659,UTV-Communications,2011,9,0.03%,"$3,386,425","427,034","$3,890,280"
660,UTV-Communications,2012,14,0.06%,"$6,442,682","809,374","$7,373,397"
661,UTV-Communications,2013,9,0.09%,"$9,538,920","1,173,295","$10,688,717"
662,UTV-Communications,2014,9,0.17%,"$17,480,025","2,139,533","$19,491,146"
663,UTV-Communications,2015,6,0.08%,"$9,237,149","1,095,744","$9,982,228"
664,UTV-Communications,2016,7,0.11%,"$11,904,491","1,376,237","$12,537,519"
665,UTV-Communications,2017,2,0.04%,"$4,027,707","449,019","$4,090,563"
666,Aviron-Pictures,2017,1,0.28%,"$30,718,107","3,424,538","$31,197,541"
667,Aviron-Pictures,2018,2,0.22%,"$26,054,583","2,859,998","$26,054,582"
668,Aviron-Pictures,2019,3,0.18%,"$20,695,708","2,271,756","$20,695,697"
669,Yash-Raj-Films,2000,2,0.02%,"$1,660,000","307,976","$2,805,661"
670,Yash-Raj-Films,2001,1,0.03%,"$2,862,000","505,653","$4,606,499"
671,Yash-Raj-Films,2003,3,0.04%,"$3,843,820","637,448","$5,807,151"
672,Yash-Raj-Films,2004,4,0.04%,"$3,936,367","633,874","$5,774,592"
673,Yash-Raj-Films,2005,7,0.05%,"$4,542,312","708,626","$6,455,583"
674,Yash-Raj-Films,2006,4,0.09%,"$8,263,177","1,261,551","$11,492,730"
675,Yash-Raj-Films,2007,7,0.04%,"$3,904,211","567,469","$5,169,643"
676,Yash-Raj-Films,2008,6,0.05%,"$4,826,349","672,190","$6,123,651"
677,Yash-Raj-Films,2009,5,0.02%,"$1,667,903","222,385","$2,025,927"
678,Yash-Raj-Films,2011,1,0.00%,"$496,172","62,568","$569,994"
679,Yash-Raj-Films,2012,3,0.05%,"$5,447,931","684,412","$6,234,993"
680,Yash-Raj-Films,2013,2,0.08%,"$8,212,872","1,010,192","$9,202,849"
681,Yash-Raj-Films,2014,2,0.00%,"$320,083","39,176","$356,893"
682,Yash-Raj-Films,2015,2,0.02%,"$2,140,443","253,907","$2,313,093"
683,Yash-Raj-Films,2016,2,0.06%,"$7,289,660","842,734","$7,677,307"
684,Yash-Raj-Films,2017,2,0.05%,"$5,502,289","613,409","$5,588,156"
685,Yash-Raj-Films,2018,4,0.04%,"$4,920,027","540,066","$4,920,001"
686,Yash-Raj-Films,2019,4,0.06%,"$7,227,573","793,364","$7,227,546"
687,Orion-Pictures,1995,1,0.05%,"$2,471,351","568,126","$5,175,628"
688,Orion-Pictures,1996,5,0.61%,"$35,023,932","7,923,964","$72,187,312"
689,Orion-Pictures,1997,4,0.22%,"$13,799,249","3,006,371","$27,388,040"
690,Orion-Pictures,1998,2,0.01%,"$422,709","90,129","$821,075"
691,Orion-Pictures,2018,2,0.06%,"$6,658,511","730,900","$6,658,499"
692,Orion-Pictures,2019,1,0.13%,"$14,856,291","1,630,767","$14,856,287"
693,Music-Box-Films,2008,4,0.07%,"$6,531,152","909,629","$8,286,720"
694,Music-Box-Films,2009,6,0.04%,"$4,478,926","597,188","$5,440,383"
695,Music-Box-Films,2010,9,0.25%,"$25,920,889","3,285,281","$29,928,910"
696,Music-Box-Films,2011,17,0.06%,"$5,629,983","709,953","$6,467,672"
697,Music-Box-Films,2012,16,0.03%,"$3,428,842","430,751","$3,924,142"
698,Music-Box-Films,2013,10,0.02%,"$1,725,943","212,288","$1,933,944"
699,Music-Box-Films,2014,17,0.07%,"$7,367,175","901,727","$8,214,733"
700,Music-Box-Films,2015,14,0.04%,"$4,947,857","586,927","$5,346,905"
701,Music-Box-Films,2016,13,0.05%,"$5,407,710","625,163","$5,695,235"
702,Music-Box-Films,2017,10,0.04%,"$3,898,860","434,650","$3,959,662"
703,Music-Box-Films,2018,10,0.01%,"$797,843","87,574","$797,799"
704,Music-Box-Films,2019,8,0.01%,"$1,293,077","141,935","$1,293,028"
705,Music-Box-Films,2020,5,0.01%,"$192,877","21,169","$192,850"
706,FUNimation,2015,4,0.08%,"$8,611,716","1,021,554","$9,306,357"
707,FUNimation,2016,3,0.02%,"$2,421,919","279,989","$2,550,700"
708,FUNimation,2017,3,0.05%,"$5,710,501","636,620","$5,799,608"
709,FUNimation,2018,1,0.05%,"$5,427,591","595,783","$5,427,583"
710,FUNimation,2019,1,0.27%,"$30,376,755","3,334,440","$30,376,748"
711,FUNimation,2020,1,0.83%,"$13,553,826","1,487,796","$13,553,822"
712,Savoy,1995,9,1.23%,"$65,459,506","15,048,158","$137,088,719"
713,Savoy,1996,1,0.00%,"$197,322","44,642","$406,689"
714,Rocky-Mountain-Pictures,2006,5,0.15%,"$13,447,661","2,053,076","$18,703,522"
715,Rocky-Mountain-Pictures,2007,4,0.01%,"$1,092,365","158,773","$1,446,422"
716,Rocky-Mountain-Pictures,2008,3,0.08%,"$8,041,924","1,120,045","$10,203,610"
717,Rocky-Mountain-Pictures,2010,2,0.01%,"$560,506","71,039","$647,165"
718,Rocky-Mountain-Pictures,2011,2,0.05%,"$5,160,512","650,757","$5,928,396"
719,Rocky-Mountain-Pictures,2012,6,0.34%,"$36,889,637","4,634,374","$42,219,147"
720,Rocky-Mountain-Pictures,2013,1,0.00%,"$152,223","18,723","$170,567"
721,Rocky-Mountain-Pictures,2014,4,0.00%,"$191,424","23,428","$213,429"
722,Rocky-Mountain-Pictures,2015,1,0.00%,"$72,717","8,625","$78,574"
723,Rocky-Mountain-Pictures,2016,1,0.00%,"$19,107","2,208","$20,115"
724,Filmways-Pictures,2005,1,0.74%,"$65,233,369","10,176,812","$92,710,757"
725,20th-Century-Studios,2020,1,3.83%,"$62,342,368","6,843,289","$62,342,363"
726,ThinkFilm,2002,3,0.03%,"$2,829,734","487,045","$4,436,980"
727,ThinkFilm,2003,5,0.10%,"$9,300,863","1,542,429","$14,051,528"
728,ThinkFilm,2004,12,0.07%,"$6,884,705","1,108,642","$10,099,729"
729,ThinkFilm,2005,17,0.16%,"$13,869,190","2,163,673","$19,711,061"
730,ThinkFilm,2006,25,0.12%,"$10,807,123","1,649,928","$15,030,844"
731,ThinkFilm,2007,23,0.12%,"$11,532,057","1,676,158","$15,269,799"
732,ThinkFilm,2008,16,0.07%,"$6,368,296","886,940","$8,080,023"
733,ThinkFilm,2009,4,0.00%,"$110,407","14,719","$134,090"
734,National-Geographic-Entertainment,2007,1,0.06%,"$6,258,285","909,634","$8,286,766"
735,National-Geographic-Entertainment,2008,2,0.24%,"$23,818,689","3,317,365","$30,221,195"
736,National-Geographic-Entertainment,2009,3,0.03%,"$3,465,013","462,001","$4,208,829"
737,National-Geographic-Entertainment,2010,5,0.09%,"$9,070,056","1,149,561","$10,472,501"
738,National-Geographic-Entertainment,2011,8,0.02%,"$2,369,522","298,800","$2,722,068"
739,National-Geographic-Entertainment,2012,2,0.04%,"$4,788,959","601,627","$5,480,822"
740,National-Geographic-Entertainment,2013,3,0.02%,"$2,420,846","297,766","$2,712,648"
741,National-Geographic-Entertainment,2014,1,0.06%,"$6,304,112","771,617","$7,029,431"
742,National-Geographic-Entertainment,2015,1,0.02%,"$1,715,647","203,516","$1,854,031"
743,National-Geographic-Entertainment,2018,1,0.00%,"$278,350","30,554","$278,347"
744,National-Geographic-Entertainment,2019,1,0.00%,"$45,096","4,950","$45,095"
745,National-Geographic-Entertainment,2020,1,0.00%,"$17,529","1,924","$17,528"
746,Yari-Film-Group-Releasing,2006,2,0.44%,"$39,912,715","6,093,544","$55,512,186"
747,Yari-Film-Group-Releasing,2007,7,0.15%,"$14,922,643","2,168,986","$19,759,462"
748,Yari-Film-Group-Releasing,2008,3,0.00%,"$189,259","26,358","$240,121"
749,Yari-Film-Group-Releasing,2016,1,0.01%,"$1,115,615","128,972","$1,174,935"
750,Alliance-Atlantis,1996,1,0.01%,"$575,001","130,090","$1,185,120"
751,Alliance-Atlantis,1998,2,0.02%,"$1,065,180","227,116","$2,069,027"
752,Alliance-Atlantis,1999,1,0.01%,"$641,624","126,303","$1,150,620"
753,Alliance-Atlantis,2000,4,0.04%,"$2,920,513","541,837","$4,936,135"
754,Alliance-Atlantis,2001,1,0.00%,"$124,092","21,924","$199,728"
755,Alliance-Atlantis,2002,1,0.00%,"$15,595","2,684","$24,451"
756,Alliance-Atlantis,2003,1,0.02%,"$2,013,052","333,839","$3,041,273"
757,Alliance-Atlantis,2004,2,0.05%,"$5,089,496","819,564","$7,466,228"
758,Alliance-Atlantis,2006,6,0.21%,"$19,446,837","2,968,980","$27,047,408"
759,Alliance-Atlantis,2007,14,0.10%,"$10,038,585","1,459,091","$13,292,319"
760,Alliance-Atlantis,2008,4,0.05%,"$5,145,165","716,594","$6,528,171"
761,Alliance-Atlantis,2009,1,0.00%,"$17,172","2,289","$20,853"
762,Alliance-Atlantis,2011,4,0.06%,"$6,582,945","830,130","$7,562,484"
763,Alliance-Atlantis,2012,1,0.02%,"$2,462,588","309,370","$2,818,361"
764,Goldwyn-Entertainment,1995,8,0.40%,"$20,993,601","4,826,112","$43,965,880"
765,Goldwyn-Entertainment,1996,7,0.28%,"$15,985,241","3,616,567","$32,946,925"
766,Goldwyn-Entertainment,1997,6,0.03%,"$1,822,105","396,971","$3,616,406"
767,Goldwyn-Entertainment,1998,2,0.01%,"$574,877","122,574","$1,116,649"
768,Goldwyn-Entertainment,1999,5,0.02%,"$1,413,515","278,249","$2,534,848"
769,Goldwyn-Entertainment,2000,2,0.00%,"$267,006","49,537","$451,282"
770,Goldwyn-Entertainment,2002,1,0.05%,"$4,558,301","784,561","$7,147,351"
771,Goldwyn-Entertainment,2003,2,0.11%,"$10,443,449","1,731,914","$15,777,737"
772,Trimark,1995,4,0.04%,"$2,061,565","473,922","$4,317,429"
773,Trimark,1996,1,0.00%,"$5,000","1,131","$10,303"
774,Trimark,1997,7,0.47%,"$29,963,585","6,528,010","$59,470,171"
775,Trimark,1998,9,0.21%,"$14,015,798","2,988,438","$27,224,670"
776,Trimark,1999,5,0.07%,"$4,921,124","968,723","$8,825,067"
777,Trimark,2000,2,0.07%,"$4,975,450","923,088","$8,409,332"
778,Destination-Films,2000,5,0.73%,"$55,116,326","10,225,661","$93,155,772"
779,Amazon-Studios,2017,4,0.03%,"$3,740,786","417,030","$3,799,143"
780,Amazon-Studios,2018,8,0.16%,"$18,761,491","2,059,437","$18,761,471"
781,Amazon-Studios,2019,9,0.27%,"$30,751,390","3,375,559","$30,751,342"
782,Amazon-Studios,2020,4,0.06%,"$903,458","99,170","$903,439"
783,EuropaCorp,2015,2,0.14%,"$16,054,422","1,904,438","$17,349,430"
784,EuropaCorp,2016,3,0.27%,"$30,091,506","3,478,785","$31,691,731"
785,EuropaCorp,2017,2,0.00%,"$9,466","1,054","$9,602"
786,Giant-Screen-Films,2000,1,0.19%,"$14,348,353","2,662,032","$24,251,112"
787,Giant-Screen-Films,2001,1,0.05%,"$4,293,965","758,651","$6,911,311"
788,Giant-Screen-Films,2004,2,0.18%,"$16,669,071","2,684,229","$24,453,326"
789,Giant-Screen-Films,2005,2,0.12%,"$10,124,734","1,579,521","$14,389,436"
790,Giant-Screen-Films,2006,1,0.00%,"$226,500","34,580","$315,024"
791,Well-Go-USA,2012,4,0.01%,"$645,923","81,144","$739,222"
792,Well-Go-USA,2013,4,0.01%,"$680,153","83,657","$762,115"
793,Well-Go-USA,2014,8,0.00%,"$417,201","51,060","$465,157"
794,Well-Go-USA,2015,10,0.04%,"$4,882,472","579,173","$5,276,266"
795,Well-Go-USA,2016,10,0.07%,"$8,230,947","951,550","$8,668,621"
796,Well-Go-USA,2017,26,0.05%,"$5,707,290","636,250","$5,796,238"
797,Well-Go-USA,2018,25,0.08%,"$9,231,315","1,013,307","$9,231,227"
798,Well-Go-USA,2019,23,0.11%,"$12,830,609","1,408,398","$12,830,506"
799,Well-Go-USA,2020,2,0.07%,"$1,136,210","124,720","$1,136,199"
800,nWave-Pictures,1999,1,0.06%,"$4,269,548","840,462","$7,656,609"
801,nWave-Pictures,2000,2,0.06%,"$4,157,498","771,335","$7,026,862"
802,nWave-Pictures,2001,3,0.06%,"$4,967,214","877,598","$7,994,918"
803,nWave-Pictures,2002,3,0.03%,"$3,101,658","533,847","$4,863,346"
804,nWave-Pictures,2003,3,0.03%,"$2,748,820","455,856","$4,152,848"
805,nWave-Pictures,2004,3,0.03%,"$2,639,208","424,992","$3,871,677"
806,nWave-Pictures,2005,4,0.10%,"$9,242,265","1,441,849","$13,135,244"
807,nWave-Pictures,2006,4,0.07%,"$6,429,310","981,573","$8,942,130"
808,nWave-Pictures,2007,2,0.05%,"$4,655,180","676,624","$6,164,045"
809,nWave-Pictures,2008,2,0.00%,"$275,360","38,350","$349,369"
810,First-Look,1995,2,0.12%,"$6,574,185","1,511,306","$13,767,998"
811,First-Look,1996,4,0.08%,"$4,545,458","1,028,382","$9,368,560"
812,First-Look,1997,5,0.01%,"$825,797","179,910","$1,638,980"
813,First-Look,1998,2,0.05%,"$3,637,502","775,585","$7,065,579"
814,First-Look,1999,1,0.00%,"$9,829","1,934","$17,619"
815,First-Look,2000,2,0.01%,"$583,416","108,239","$986,057"
816,First-Look,2001,4,0.07%,"$6,186,669","1,093,049","$9,957,676"
817,First-Look,2002,2,0.00%,"$84,844","14,602","$133,024"
818,First-Look,2003,1,0.00%,"$90,644","15,032","$136,942"
819,First-Look,2004,2,0.00%,"$259,161","41,732","$380,179"
820,First-Look,2005,5,0.00%,"$328,808","51,293","$467,279"
821,First-Look,2006,5,0.03%,"$2,665,600","406,959","$3,707,396"
822,First-Look,2007,6,0.11%,"$10,679,897","1,552,308","$14,141,526"
823,First-Look,2008,7,0.03%,"$2,925,068","407,388","$3,711,305"
824,First-Look,2009,1,0.01%,"$1,433,091","191,078","$1,740,721"
825,First-Look,2010,1,0.00%,"$269,021","34,096","$310,615"
826,Global-Road,2018,4,0.34%,"$40,515,267","4,447,338","$40,515,249"
827,FIP,2014,2,0.03%,"$3,204,367","392,210","$3,573,033"
828,FIP,2016,4,0.08%,"$8,892,970","1,028,087","$9,365,873"
829,FIP,2017,7,0.06%,"$6,396,873","713,141","$6,496,715"
830,FIP,2018,1,0.01%,"$1,319,579","144,850","$1,319,584"
831,FIP,2019,9,0.13%,"$14,937,832","1,639,712","$14,937,776"
832,FIP,2020,3,0.12%,"$1,908,493","209,492","$1,908,472"
833,RADiUS-TWC,2013,2,0.06%,"$6,014,044","739,734","$6,738,977"
834,RADiUS-TWC,2014,15,0.12%,"$12,181,797","1,491,032","$13,583,302"
835,RADiUS-TWC,2015,10,0.16%,"$17,427,393","2,067,302","$18,833,121"
836,BH-Tilt,2017,3,0.21%,"$23,248,740","2,591,831","$23,611,580"
837,BH-Tilt,2018,1,0.10%,"$11,977,130","1,314,723","$11,977,127"
838,High-Top-Releasing,2013,5,0.04%,"$3,847,527","473,248","$4,311,289"
839,High-Top-Releasing,2014,1,0.00%,"$125,106","15,312","$139,492"
840,High-Top-Releasing,2015,1,0.06%,"$7,192,291","853,178","$7,772,452"
841,High-Top-Releasing,2016,3,0.14%,"$15,603,617","1,803,885","$16,433,392"
842,High-Top-Releasing,2017,2,0.06%,"$6,234,782","695,069","$6,332,079"
843,Greenwich,2018,8,0.12%,"$14,732,864","1,617,215","$14,732,829"
844,Greenwich,2019,13,0.13%,"$14,965,009","1,642,695","$14,964,951"
845,Greenwich,2020,7,0.03%,"$422,634","46,390","$422,613"
846,Apparition,2009,4,0.16%,"$17,101,506","2,280,199","$20,772,613"
847,Apparition,2010,4,0.12%,"$12,840,057","1,627,382","$14,825,450"
848,Clarius-Entertainment,2014,3,0.26%,"$26,865,605","3,288,322","$29,956,613"
849,Clarius-Entertainment,2015,2,0.02%,"$2,254,212","267,403","$2,436,041"
850,Zeitgeist,1997,2,0.01%,"$593,913","129,391","$1,178,752"
851,Zeitgeist,1998,5,0.01%,"$338,755","72,227","$657,988"
852,Zeitgeist,1999,6,0.01%,"$886,715","174,547","$1,590,123"
853,Zeitgeist,2000,3,0.01%,"$1,048,444","194,515","$1,772,032"
854,Zeitgeist,2001,3,0.01%,"$815,612","144,100","$1,312,751"
855,Zeitgeist,2002,2,0.00%,"$98,336","16,924","$154,178"
856,Zeitgeist,2003,1,0.07%,"$6,173,485","1,023,795","$9,326,772"
857,Zeitgeist,2004,6,0.04%,"$3,995,247","643,354","$5,860,955"
858,Zeitgeist,2005,5,0.01%,"$1,049,823","163,776","$1,491,999"
859,Zeitgeist,2006,6,0.01%,"$1,190,276","181,719","$1,655,460"
860,Zeitgeist,2007,5,0.01%,"$1,271,878","184,864","$1,684,111"
861,Zeitgeist,2008,6,0.02%,"$1,979,879","275,745","$2,512,037"
862,Zeitgeist,2009,12,0.01%,"$810,711","108,089","$984,691"
863,Zeitgeist,2010,7,0.01%,"$1,546,972","196,063","$1,786,134"
864,Zeitgeist,2011,6,0.02%,"$2,253,186","284,132","$2,588,443"
865,Zeitgeist,2012,7,0.01%,"$666,127","83,682","$762,343"
866,Zeitgeist,2013,7,0.01%,"$1,303,438","160,321","$1,460,524"
867,Zeitgeist,2014,6,0.01%,"$855,048","104,654","$953,398"
868,Zeitgeist,2015,4,0.00%,"$126,788","15,038","$136,996"
869,Zeitgeist,2016,7,0.00%,"$288,630","33,365","$303,955"
870,Zeitgeist,2017,1,0.00%,"$156,011","17,392","$158,441"
871,Zeitgeist,2018,4,0.01%,"$1,027,894","112,829","$1,027,872"
872,Zeitgeist,2019,7,0.00%,"$295,839","32,470","$295,802"
873,Zeitgeist,2020,4,0.01%,"$147,916","16,234","$147,892"
874,IDP-Goldwyn-Roadside,2005,3,0.15%,"$13,045,529","2,035,183","$18,540,517"
875,IDP-Goldwyn-Roadside,2006,14,0.16%,"$15,093,202","2,304,297","$20,992,146"
876,IDP-Goldwyn-Roadside,2007,2,0.00%,"$146,446","21,284","$193,897"
877,Focus-Gramercy,2016,1,0.24%,"$26,594,261","3,074,481","$28,008,522"
878,Orchard-The,2015,8,0.03%,"$3,136,634","372,076","$3,389,612"
879,Orchard-The,2016,13,0.07%,"$7,608,470","879,586","$8,013,028"
880,Orchard-The,2017,16,0.06%,"$6,920,474","771,506","$7,028,420"
881,Orchard-The,2018,15,0.05%,"$5,380,123","590,566","$5,380,056"
882,Orchard-The,2019,4,0.01%,"$886,803","97,342","$886,786"
883,IDP-Distribution,2001,4,0.11%,"$8,779,086","1,551,073","$14,130,275"
884,IDP-Distribution,2002,1,0.00%,"$36,731","6,322","$57,593"
885,IDP-Distribution,2003,1,0.00%,"$32,699","5,422","$49,394"
886,IDP-Distribution,2004,9,0.16%,"$14,553,695","2,343,584","$21,350,050"
887,IDP-Distribution,2005,1,0.00%,"$4,569",712,"$6,486"
888,IDP-Distribution,2020,1,0.01%,"$237,581","26,079","$237,580"
889,New-Yorker,1995,1,0.01%,"$494,095","113,585","$1,034,759"
890,New-Yorker,1996,2,0.01%,"$343,987","77,824","$708,977"
891,New-Yorker,1997,7,0.04%,"$2,304,077","501,974","$4,572,983"
892,New-Yorker,1998,6,0.01%,"$885,961","188,902","$1,720,897"
893,New-Yorker,1999,11,0.06%,"$4,441,215","874,249","$7,964,408"
894,New-Yorker,2000,8,0.01%,"$1,101,389","204,336","$1,861,501"
895,New-Yorker,2001,5,0.01%,"$421,902","74,538","$679,041"
896,New-Yorker,2002,5,0.01%,"$577,248","99,352","$905,097"
897,New-Yorker,2003,6,0.02%,"$1,501,788","249,050","$2,268,846"
898,New-Yorker,2004,9,0.10%,"$9,728,001","1,566,502","$14,270,833"
899,New-Yorker,2005,10,0.01%,"$554,684","86,529","$788,279"
900,New-Yorker,2006,10,0.00%,"$256,540","39,163","$356,775"
901,New-Yorker,2007,9,0.00%,"$331,123","48,124","$438,410"
902,New-Yorker,2008,5,0.00%,"$118,522","16,505","$150,361"
903,New-Yorker,2009,1,0.00%,"$19,471","2,596","$23,650"
904,New-Yorker,2010,2,0.00%,"$151,645","19,219","$175,085"
905,New-Yorker,2011,2,0.00%,"$127,443","16,070","$146,398"
906,New-Yorker,2012,2,0.00%,"$157,537","19,790","$180,287"
907,New-Yorker,2016,1,0.00%,"$105,764","12,227","$111,388"
908,3D-Entertainment,2005,1,0.10%,"$8,500,000","1,326,053","$12,080,343"
909,3D-Entertainment,2008,1,0.05%,"$5,243,604","730,306","$6,653,088"
910,3D-Entertainment,2009,1,0.02%,"$2,013,083","268,411","$2,445,224"
911,3D-Entertainment,2010,1,0.00%,"$458,309","58,087","$529,173"
912,3D-Entertainment,2011,1,0.04%,"$4,465,060","563,059","$5,129,467"
913,3D-Entertainment,2012,2,0.03%,"$2,941,509","369,536","$3,366,473"
914,GKIDS,2010,2,0.01%,"$705,913","89,469","$815,063"
915,GKIDS,2011,2,0.00%,"$79,534","10,028","$91,355"
916,GKIDS,2012,3,0.00%,"$489,795","61,531","$560,547"
917,GKIDS,2013,2,0.01%,"$1,136,796","139,827","$1,273,824"
918,GKIDS,2014,3,0.02%,"$1,729,464","211,684","$1,928,441"
919,GKIDS,2015,5,0.02%,"$1,729,807","205,194","$1,869,317"
920,GKIDS,2016,6,0.01%,"$1,111,778","128,527","$1,170,881"
921,GKIDS,2017,7,0.01%,"$760,748","84,806","$772,583"
922,GKIDS,2018,11,0.04%,"$4,820,479","529,135","$4,820,420"
923,GKIDS,2019,10,0.02%,"$2,791,090","306,372","$2,791,049"
924,GKIDS,2020,3,0.50%,"$8,154,188","895,079","$8,154,170"
925,Fathom-Events,2016,2,0.05%,"$5,475,900","633,051","$5,767,095"
926,Fathom-Events,2017,3,0.07%,"$7,425,700","827,836","$7,541,586"
927,Fathom-Events,2018,1,0.00%,"$115,463","12,674","$115,460"
928,Fathom-Events,2019,5,0.06%,"$7,115,860","781,101","$7,115,830"
929,Fathom-Events,2020,3,0.21%,"$3,343,666","367,031","$3,343,652"
930,China-Lion-Film-Distribution,2010,1,0.00%,"$182,517","23,132","$210,733"
931,China-Lion-Film-Distribution,2011,9,0.01%,"$720,240","90,820","$827,370"
932,China-Lion-Film-Distribution,2012,2,0.00%,"$246,175","30,925","$281,727"
933,China-Lion-Film-Distribution,2013,1,0.00%,"$345,000","42,435","$386,583"
934,China-Lion-Film-Distribution,2014,10,0.03%,"$3,296,875","403,529","$3,676,149"
935,China-Lion-Film-Distribution,2015,20,0.06%,"$6,544,070","776,273","$7,071,847"
936,China-Lion-Film-Distribution,2016,16,0.04%,"$4,394,017","507,971","$4,627,616"
937,China-Lion-Film-Distribution,2017,11,0.04%,"$4,143,094","461,877","$4,207,699"
938,China-Lion-Film-Distribution,2018,11,0.02%,"$2,286,937","251,031","$2,286,892"
939,China-Lion-Film-Distribution,2019,5,0.01%,"$943,533","103,570","$943,523"
940,Cohen-Media-Group,2011,1,0.00%,"$28,850","3,638","$33,142"
941,Cohen-Media-Group,2012,5,0.03%,"$2,775,262","348,648","$3,176,183"
942,Cohen-Media-Group,2013,8,0.02%,"$2,582,704","317,672","$2,893,992"
943,Cohen-Media-Group,2014,8,0.05%,"$4,947,359","605,548","$5,516,542"
944,Cohen-Media-Group,2015,10,0.02%,"$2,679,132","317,805","$2,895,204"
945,Cohen-Media-Group,2016,12,0.02%,"$1,981,640","229,084","$2,086,955"
946,Cohen-Media-Group,2017,8,0.04%,"$4,363,886","486,494","$4,431,960"
947,Cohen-Media-Group,2018,9,0.02%,"$1,990,041","218,442","$1,990,007"
948,Cohen-Media-Group,2019,9,0.01%,"$993,648","109,068","$993,609"
949,Cohen-Media-Group,2020,1,0.00%,"$21,536","2,363","$21,527"
950,WellSpring,2000,1,0.00%,"$371,457","68,915","$627,816"
951,WellSpring,2001,2,0.03%,"$2,209,986","390,456","$3,557,054"
952,WellSpring,2002,4,0.02%,"$2,095,777","360,717","$3,286,132"
953,WellSpring,2003,5,0.11%,"$10,278,193","1,704,507","$15,528,059"
954,WellSpring,2004,12,0.05%,"$4,181,894","673,407","$6,134,738"
955,WellSpring,2005,17,0.03%,"$2,786,816","434,755","$3,960,618"
956,WellSpring,2006,6,0.00%,"$176,147","26,890","$244,968"
957,WellSpring,2013,1,0.00%,"$37,984","4,672","$42,562"
958,Great-India-Films,2017,1,0.17%,"$18,985,794","2,116,587","$19,282,108"
959,Great-India-Films,2018,1,0.02%,"$2,663,090","292,326","$2,663,090"
960,Oscilloscope-Pictures,2008,5,0.00%,"$352,512","49,094","$447,246"
961,Oscilloscope-Pictures,2009,7,0.02%,"$1,953,847","260,509","$2,373,237"
962,Oscilloscope-Pictures,2010,9,0.02%,"$1,901,193","240,958","$2,195,127"
963,Oscilloscope-Pictures,2011,9,0.01%,"$1,355,602","170,941","$1,557,273"
964,Oscilloscope-Pictures,2012,9,0.05%,"$5,141,122","645,865","$5,883,830"
965,Oscilloscope-Pictures,2013,10,0.00%,"$448,283","55,136","$502,289"
966,Oscilloscope-Pictures,2014,9,0.01%,"$604,631","74,000","$674,140"
967,Oscilloscope-Pictures,2015,8,0.01%,"$981,438","116,418","$1,060,568"
968,Oscilloscope-Pictures,2016,9,0.02%,"$1,929,974","223,114","$2,032,569"
969,Oscilloscope-Pictures,2017,12,0.04%,"$4,607,771","513,683","$4,679,652"
970,Oscilloscope-Pictures,2018,13,0.01%,"$921,244","101,121","$921,212"
971,Oscilloscope-Pictures,2019,10,0.01%,"$846,907","92,958","$846,847"
972,Oscilloscope-Pictures,2020,4,0.04%,"$584,769","64,188","$584,753"
973,Alchemy,2006,1,0.00%,"$2,010",306,"$2,788"
974,Alchemy,2007,1,0.00%,"$188,565","27,407","$249,678"
975,Alchemy,2010,1,0.00%,"$2,093",265,"$2,414"
976,Alchemy,2011,3,0.00%,"$203,903","25,711","$234,227"
977,Alchemy,2012,10,0.10%,"$11,298,875","1,419,451","$12,931,199"
978,Alchemy,2013,6,0.03%,"$3,196,339","393,151","$3,581,606"
979,Alchemy,2014,4,0.04%,"$3,999,949","489,588","$4,460,147"
980,Alchemy,2015,6,0.02%,"$2,664,532","316,075","$2,879,443"
981,Avco-Embassy,2018,1,0.18%,"$21,445,318","2,354,041","$21,445,314"
982,ShortsHD,2014,1,0.02%,"$2,357,890","288,603","$2,629,173"
983,ShortsHD,2015,1,0.02%,"$2,412,493","286,179","$2,607,091"
984,ShortsHD,2016,1,0.03%,"$2,816,816","325,643","$2,966,608"
985,ShortsHD,2017,1,0.03%,"$2,835,355","316,093","$2,879,607"
986,ShortsHD,2018,1,0.03%,"$3,508,777","385,156","$3,508,771"
987,ShortsHD,2019,1,0.03%,"$3,531,093","387,606","$3,531,091"
988,ShortsHD,2020,1,0.20%,"$3,304,748","362,760","$3,304,744"
